Exercise,Climbing,Sweets,EatingOut,Coffee,Tea,Water,DayRating,HoursSleep,Sunny,Rain,Temperature,Weight,WeekSin,WeekCos,Label
0.0,0,1,1,4,2,1.0,1,8.0,1,0,7,76.3,0.0,1.0,75.3
0.0,1,2,0,4,2,2.4,1,6.5,0,1,4,75.3,0.7818314824680298,0.6234898018587336,75.8
0.0,0,1,1,3,1,2.0,0,8.504166667,-1,1,7,75.8,0.9749279121818236,-0.22252093395631434,76.4
0.0,0,1,0,2,3,1.5,0,9.0,-1,1,11,76.4,0.43388373911755823,-0.900968867902419,75.8
0.0,0,3,0,3,2,1.0,0,10.0,-1,1,12,75.8,-0.433883739117558,-0.9009688679024191,76.0
0.0,0,1,1,3,1,1.7,1,8.0,1,0,11,76.0,-0.9749279121818236,-0.2225209339563146,76.4
0.0,1,1,0,3,1,2.4,-1,8.0,-1,0,7,76.4,-0.7818314824680299,0.6234898018587334,76.6
39.0,0,0,0,5,1,1.5,-1,6.25,-1,0,8,76.6,-2.4492935982947064e-16,1.0,75.6
0.0,1,0,2,6,1,2.0,1,6.5,1,0,12,75.6,0.7818314824680296,0.6234898018587337,75.6
39.0,0,0,0,5,1,1.2,0,6.0,1,0,9,75.6,0.9749279121818237,-0.2225209339563141,75.1
39.0,1,0,1,4,1,1.4,1,7.25,-1,0,5,75.1,0.43388373911755845,-0.9009688679024189,75.8
39.0,0,0,0,6,0,2.0,1,6.5,1,0,4,75.8,-0.4338837391175578,-0.9009688679024193,75.6
0.0,0,0,0,4,2,1.0,1,8.0,-1,0,4,75.6,-0.9749279121818235,-0.2225209339563148,76.1
0.0,1,0,0,2,3,1.3,0,8.083333332999999,-1,0,2,76.1,-0.7818314824680301,0.6234898018587332,75.9
43.0,0,0,0,3,1,1.5,0,7.5,1,0,6,75.9,-4.898587196589413e-16,1.0,75.1
45.0,0,0,0,3,2,1.4,0,7.0,-1,1,8,75.1,0.7818314824680295,0.6234898018587339,75.2
45.0,0,0,0,5,2,1.7,0,7.0,0,1,2,75.2,0.9749279121818237,-0.22252093395631387,75.4
45.0,0,0,0,5,1,1.3,0,7.0,0,1,8,75.4,0.4338837391175587,-0.9009688679024189,75.1
45.0,0,0,1,5,0,2.7,0,7.0,0,0,4,75.1,-0.43388373911755757,-0.9009688679024194,75.8
0.0,0,0,1,3,0,1.5,0,8.166666667000001,0,0,3,75.8,-0.9749279121818235,-0.22252093395631506,76.2
0.0,0,0,0,3,1,1.3,0,8.0,0,0,2,76.2,-0.7818314824680302,0.6234898018587329,76.0
45.0,0,0,0,4,1,1.3,0,6.5,-1,1,7,76.0,-7.347880794884119e-16,1.0,75.2
45.0,0,0,0,3,2,1.3,-1,7.0,-1,0,6,75.2,0.7818314824680294,0.6234898018587341,74.3
40.0,0,0,0,3,0,3.3,0,7.5,1,0,11,74.3,0.9749279121818238,-0.22252093395631362,74.8
35.0,0,0,0,6,1,1.3,0,5.5,1,0,14,74.8,0.4338837391175589,-0.9009688679024188,74.6
40.0,1,0,1,4,1,2.2,0,8.0,1,0,9,74.6,-0.43388373911755734,-0.9009688679024195,74.8
0.0,0,0,0,5,1,1.7,1,5.583333333,1,0,5,74.8,-0.9749279121818234,-0.22252093395631528,75.2
0.0,0,0,0,3,1,2.1,0,8.5,0,0,10,75.2,-0.7818314824680304,0.6234898018587328,75.1
45.0,0,0,0,4,2,1.4,-1,7.0,1,0,12,75.1,-9.797174393178826e-16,1.0,74.8
45.0,0,0,0,4,1,1.5,0,7.0,0,0,9,74.8,0.7818314824680291,0.6234898018587344,74.7
45.0,0,0,0,4,1,1.7,-1,7.5,1,1,11,74.7,0.9749279121818238,-0.2225209339563134,74.6
40.0,1,0,1,6,1,1.7,0,7.0,-1,1,4,74.6,0.4338837391175591,-0.9009688679024187,74.5
35.0,0,0,1,3,0,1.4,0,6.5,0,0,4,74.5,-0.4338837391175571,-0.9009688679024196,74.3
0.0,0,0,1,5,2,2.1,0,6.083333333,-1,0,3,74.3,-0.9749279121818234,-0.22252093395631553,75.0
0.0,0,0,0,3,5,1.1,0,9.5,-1,0,2,75.0,-0.7818314824680306,0.6234898018587326,74.8
0.0,0,0,0,1,6,1.0,0,9.5,0,0,3,74.8,-1.2246467991473533e-15,1.0,74.8
0.0,0,0,0,2,6,1.2,0,9.833333332999999,0,0,5,74.8,0.781831482468029,0.6234898018587345,75.2
0.0,0,0,0,2,6,1.2,1,8.25,-1,0,2,75.2,0.9749279121818238,-0.22252093395631314,75.2
0.0,0,0,0,5,3,1.0,0,6.666666667,-1,0,2,75.2,0.43388373911755934,-0.9009688679024186,74.0
0.0,1,0,0,4,1,1.8,0,6.5,-1,0,3,74.0,-0.4338837391175569,-0.9009688679024197,73.9
0.0,0,0,0,3,3,1.2,0,10.0,-1,0,3,73.9,-0.9749279121818233,-0.22252093395631578,73.8
0.0,0,0,1,3,3,1.3,1,9.0,-1,1,4,73.8,-0.7818314824680307,0.6234898018587324,75.3
45.0,0,0,1,5,1,1.5,0,6.5,0,0,2,75.3,-1.4695761589768238e-15,1.0,74.1
0.0,1,0,1,3,1,2.2,1,8.0,1,0,3,74.1,0.7818314824680289,0.6234898018587347,73.9
45.0,0,0,0,4,1,1.3,0,7.0,1,0,2,73.9,0.974927912181824,-0.2225209339563129,74.3
45.0,0,0,0,4,0,5.0,0,7.5,-1,1,3,74.3,0.43388373911755956,-0.9009688679024185,76.1
0.0,0,0,2,5,0,1.0,0,8.5,0,0,12,76.1,-0.4338837391175567,-0.9009688679024198,
0.0,0,0,3,4,0,0.7,0,8.0,1,0,18,,-0.9749279121818233,-0.222520933956316,
0.0,0,0,1,1,0,0.5,-1,4.0,1,0,16,,-0.7818314824680308,0.6234898018587323,
0.0,0,0,1,2,0,0.5,0,9.666666667000001,1,0,12,,-1.7145055188062944e-15,1.0,
0.0,0,0,3,2,0,1.2,-1,9.0,1,0,11,,0.7818314824680287,0.6234898018587349,
0.0,0,0,3,3,0,0.8,1,9.5,1,0,13,,0.974927912181824,-0.22252093395631267,
0.0,0,0,3,4,5,0.9,0,9.0,1,1,11,,0.4338837391175598,-0.9009688679024184,
0.0,0,0,3,3,1,1.0,0,8.0,1,0,12,,-0.43388373911755646,-0.9009688679024199,
0.0,0,0,1,1,1,0.7,0,4.0,1,0,-2,,-0.9749279121818232,-0.22252093395631625,75.5
0.0,1,0,1,3,2,2.1,0,11.5,1,0,-5,75.5,-0.781831482468031,0.623489801858732,74.7
45.0,0,0,0,5,2,1.5,0,6.166666667,1,0,-8,74.7,-1.959434878635765e-15,1.0,74.5
45.0,0,0,0,3,3,1.3,0,7.0,0,0,-8,74.5,0.7818314824680286,0.6234898018587351,74.7
45.0,1,0,1,3,3,2.7,0,7.5,1,0,-6,74.7,0.9749279121818241,-0.22252093395631242,74.5
45.0,0,0,1,3,0,3.2,0,7.0,-1,0,-3,74.5,0.43388373911755995,-0.9009688679024183,76.6
0.0,0,0,0,5,1,1.1,0,6.0,0,0,1,76.6,-0.43388373911755623,-0.90096886790242,74.7
0.0,0,0,0,5,2,1.3,0,7.0,0,0,5,74.7,-0.9749279121818232,-0.22252093395631647,74.9
0.0,0,0,0,4,1,1.5,-1,10.5,1,0,10,74.9,-0.7818314824680311,0.6234898018587318,74.5
45.0,1,0,1,4,1,1.8,0,6.0,0,0,10,74.5,-2.204364238465236e-15,1.0,74.8
45.0,0,0,0,5,1,1.3,0,7.0,-1,1,6,74.8,0.7818314824680284,0.6234898018587353,74.8
45.0,0,0,1,4,0,2.0,0,7.0,0,0,8,74.8,0.9749279121818241,-0.2225209339563122,74.7
45.0,0,0,0,4,0,1.4,0,7.0,1,0,11,74.7,0.4338837391175602,-0.9009688679024181,74.6
0.0,0,0,0,3,1,3.0,0,10.0,-1,0,13,74.6,-0.433883739117556,-0.9009688679024201,
0.0,1,0,2,4,0,3.6,0,9.166666667000001,-1,0,12,,-0.9749279121818231,-0.22252093395631672,
0.0,0,0,1,5,1,1.1,0,8.0,1,0,16,,-0.7818314824680312,0.6234898018587316,76.8
45.0,0,0,0,4,1,1.3,0,7.0,-1,1,11,76.8,-2.4492935982947065e-15,1.0,76.3
45.0,1,0,1,4,1,2.1,0,7.0,1,0,11,76.3,0.7818314824680282,0.6234898018587355,75.4
45.0,0,0,0,4,2,1.1,0,7.0,0,1,8,75.4,0.9749279121818242,-0.22252093395631195,75.8
35.0,0,0,0,4,1,1.7,0,7.5,1,0,13,75.8,0.43388373911756684,-0.9009688679024149,76.1
0.0,1,0,1,4,0,2.6,0,7.0,0,0,11,76.1,-0.4338837391175558,-0.9009688679024203,75.6
0.0,0,0,1,6,1,1.4,0,5.0,-1,1,5,75.6,-0.9749279121818246,-0.22252093395631004,75.8
0.0,0,0,0,4,1,1.1,0,8.5,-1,0,2,75.8,-0.7818314824680315,0.6234898018587315,76.1
45.0,0,0,1,5,1,1.3,0,7.0,-1,0,-1,76.1,-9.799650315725178e-15,1.0,75.4
45.0,1,0,1,4,1,2.3,0,6.5,0,0,2,75.4,0.7818314824680281,0.6234898018587357,75.2
45.0,0,0,0,6,0,1.3,-1,6.5,0,0,1,75.2,0.9749279121818226,-0.22252093395631864,74.7
40.0,1,0,1,5,0,1.8,0,7.5,0,0,4,74.7,0.4338837391175606,-0.9009688679024179,74.9
0.0,0,0,2,7,1,2.4,1,8.0,0,0,6,74.9,-0.4338837391175492,-0.9009688679024235,
0.0,0,1,3,2,1,1.1,1,7.75,0,0,7,,-0.974927912181823,-0.2225209339563172,
0.0,0,1,1,3,1,1.5,1,6.0,1,0,11,,-0.7818314824680273,0.6234898018587368,75.9
0.0,1,0,1,4,1,2.3,0,7.5,-1,0,8,75.9,-2.9391523179536475e-15,1.0,75.8
40.0,0,0,1,5,2,1.3,0,6.5,-1,1,8,75.8,0.7818314824680235,0.6234898018587414,75.7
45.0,0,0,1,5,1,1.3,0,7.0,0,1,11,75.7,0.9749279121818243,-0.22252093395631148,76.1
45.0,1,0,1,4,1,1.6,0,7.0,-1,0,8,76.1,0.43388373911755446,-0.9009688679024209,76.1
55.0,0,1,1,3,2,1.8,1,9.75,0,0,16,76.1,-0.43388373911755534,-0.9009688679024205,75.2
55.0,0,0,0,4,2,1.6,0,8.5,-1,1,9,75.2,-0.9749279121818213,-0.22252093395632436,75.2
0.0,1,1,1,3,1,2.6,0,9.5,0,1,7,75.2,-0.7818314824680318,0.623489801858731,75.7
55.0,0,1,0,3,3,1.4,1,8.083333332999999,1,0,14,75.7,3.921345679817883e-15,1.0,76.0
55.0,0,0,1,4,1,1.4,0,7.5,0,0,19,76.0,0.7818314824680278,0.623489801858736,75.2
50.0,0,0,0,5,1,1.3,1,6.0,1,0,23,75.2,0.974927912181826,-0.22252093395630432,75.1
50.0,0,0,0,4,2,1.1,-1,7.5,0,1,13,75.1,0.43388373911756106,-0.9009688679024177,75.3
50.0,0,0,0,3,0,1.3,0,7.0,1,0,14,75.3,-0.4338837391175615,-0.9009688679024175,75.0
0.0,1,2,0,5,1,1.6,1,6.0,1,0,19,75.0,-0.9749279121818228,-0.22252093395631767,75.5
0.0,0,0,0,3,1,1.2,1,8.5,1,0,23,75.5,-0.7818314824680364,0.6234898018587254,75.9
55.0,0,0,1,4,0,1.2,0,7.0,0,0,22,75.9,-3.429011037612589e-15,1.0,75.8
55.0,0,0,0,4,1,1.1,0,7.0,0,0,19,75.8,0.781831482468032,0.6234898018587307,75.8
45.0,0,0,0,4,0,1.5,0,8.0,1,0,19,75.8,0.9749279121818244,-0.222520933956311,75.3
55.0,0,0,0,4,1,1.6,-1,6.0,0,0,20,75.3,0.4338837391175677,-0.9009688679024145,74.6
55.0,0,0,1,5,0,1.5,0,7.0,1,0,17,74.6,-0.4338837391175549,-0.9009688679024207,75.9
0.0,0,0,2,4,0,1.0,0,9.0,1,0,20,75.9,-0.9749279121818244,-0.22252093395631098,76.5
0.0,0,0,1,4,1,0.7,0,7.0,0,0,21,76.5,-0.781831482468032,0.6234898018587307,76.9
0.0,0,0,0,4,1,0.9,0,8.0,-1,1,16,76.9,-1.0779367755043061e-14,1.0,75.7
50.0,0,0,0,4,1,1.3,-1,7.5,1,0,20,75.7,0.7818314824680275,0.6234898018587365,74.7
55.0,0,0,0,4,1,1.8,-1,7.5,1,0,22,74.7,0.9749279121818228,-0.22252093395631767,74.5
55.0,0,0,0,5,1,1.1,-1,7.5,1,0,24,74.5,0.4338837391175615,-0.9009688679024175,74.7
55.0,0,1,0,4,0,2.0,1,7.0,1,0,27,74.7,-0.4338837391175483,-0.9009688679024238,74.9
0.0,0,1,1,3,1,1.3,1,6.5,1,0,24,74.9,-0.9749279121818227,-0.22252093395631817,75.2
0.0,0,0,0,4,1,1.5,0,9.0,1,0,28,75.2,-0.7818314824680278,0.623489801858736,75.7
55.0,0,0,0,4,1,1.3,0,7.0,-1,0,23,75.7,-3.91886975727153e-15,1.0,75.1
55.0,0,0,0,4,1,1.3,0,7.0,1,0,22,75.1,0.7818314824680229,0.6234898018587421,74.3
55.0,0,0,0,4,0,2.1,0,7.0,1,0,24,74.3,0.9749279121818245,-0.2225209339563105,74.6
0.0,0,0,0,4,0,1.5,0,6.333333333,-1,1,14,74.6,0.43388373911755534,-0.9009688679024205,75.5
0.0,0,0,0,4,1,1.3,0,6.333333333,1,0,22,75.5,-0.43388373911755446,-0.9009688679024209,75.0
55.0,0,0,1,4,0,1.9,1,8.583333332999999,1,0,24,75.0,-0.9749279121818211,-0.22252093395632533,75.5
0.0,0,1,0,3,1,1.3,0,7.0,1,0,27,75.5,-0.7818314824680324,0.6234898018587303,75.4
55.0,0,1,0,5,2,1.4,-1,7.0,0,1,19,75.4,2.941628240500001e-15,1.0,76.0
55.0,0,1,0,4,1,1.1,0,8.5,0,0,16,76.0,0.7818314824680273,0.6234898018587368,74.9
55.0,1,0,1,4,0,2.2,-1,7.0,-1,0,19,74.9,0.9749279121818262,-0.22252093395630335,75.0
35.0,0,0,0,5,1,1.9,-1,6.0,0,0,18,75.0,0.43388373911756195,-0.9009688679024173,74.9
0.0,0,1,0,5,1,1.3,-1,6.5,-1,0,20,74.9,-0.4338837391175606,-0.9009688679024179,74.8
0.0,0,2,2,4,2,1.0,1,8.5,1,0,23,74.8,-0.9749279121818226,-0.22252093395631864,75.4
0.0,0,0,1,3,1,1.3,0,9.5,1,0,22,75.4,-0.7818314824680369,0.6234898018587246,75.6
55.0,0,0,0,3,1,1.2,0,6.5,1,0,23,75.6,-4.408728476930472e-15,1.0,75.0
55.0,0,0,0,4,1,1.4,0,7.0,1,0,23,75.0,0.7818314824680315,0.6234898018587315,74.8
55.0,0,0,1,5,1,1.5,0,7.0,1,1,22,74.8,0.9749279121818246,-0.22252093395631004,75.4
0.0,0,0,0,4,1,2.0,1,7.75,0,1,22,75.4,0.4338837391175686,-0.900968867902414,75.7
0.0,0,1,1,4,0,2.0,1,7.0,0,0,21,75.7,-0.433883739117554,-0.9009688679024211,76.9
0.0,0,0,2,5,0,1.0,1,6.75,1,0,23,76.9,-0.9749279121818242,-0.22252093395631195,
0.0,0,2,3,3,0,1.2,1,7.5,-1,1,13,,-0.7818314824680327,0.6234898018587299,
0.0,0,1,1,4,0,1.0,0,7.0,0,0,18,,-1.1759085194360944e-14,1.0,
0.0,1,0,1,4,1,1.4,0,9.0,1,0,23,,0.7818314824680269,0.6234898018587371,
0.0,1,0,1,3,0,1.0,0,8.0,1,0,22,,0.9749279121818231,-0.22252093395631672,
0.0,0,2,2,4,1,2.0,1,7.0,1,0,22,,0.4338837391175624,-0.900968867902417,
0.0,1,1,1,6,0,1.2,0,8.5,-1,0,18,,-0.4338837391175474,-0.9009688679024243,
0.0,0,1,0,4,1,1.0,0,7.5,1,1,21,,-0.9749279121818225,-0.2225209339563191,77.2
0.0,0,1,2,3,3,1.0,0,8.0,0,0,20,77.2,-0.7818314824680284,0.6234898018587353,76.9
0.0,0,2,1,3,2,1.4,1,8.5,1,1,24,76.9,-4.898587196589413e-15,1.0,76.8
55.0,0,1,0,4,1,1.3,0,6.0,1,1,24,76.8,0.7818314824680224,0.6234898018587429,76.1
55.0,0,0,0,4,1,1.1,0,6.5,0,1,23,76.1,0.9749279121818247,-0.22252093395630956,76.4
35.0,0,0,1,3,1,1.9,0,7.0,-1,1,21,76.4,0.43388373911755623,-0.90096886790242,76.5
0.0,0,0,0,4,1,1.3,0,7.0,1,0,24,76.5,-0.43388373911755357,-0.9009688679024214,76.2
0.0,0,2,2,6,0,1.4,0,6.5,1,0,27,76.2,-0.9749279121818208,-0.22252093395632627,76.8
0.0,0,0,0,3,2,1.1,0,8.0,0,0,24,76.8,-0.7818314824680419,0.6234898018587184,76.5
50.0,0,0,0,4,1,1.1,-1,7.0,1,0,29,76.5,1.9619108011821185e-15,1.0,76.4
55.0,0,0,0,4,1,1.5,0,8.0,0,0,27,76.4,0.7818314824680266,0.6234898018587376,76.2
55.0,0,0,0,4,0,1.3,1,7.5,1,0,26,76.2,0.9749279121818264,-0.2225209339563024,75.9
60.0,0,0,1,3,1,2.5,0,7.0,1,1,28,75.9,0.43388373911755007,-0.900968867902423,76.6
45.0,0,0,0,4,1,1.1,0,6.5,0,0,23,76.6,-0.4338837391175598,-0.9009688679024184,76.2
0.0,0,1,2,4,1,1.7,1,8.0,1,0,25,76.2,-0.9749279121818224,-0.22252093395631958,77.0
0.0,0,1,0,6,1,2.2,0,6.5,1,0,27,77.0,-0.7818314824680376,0.6234898018587238,77.5
45.0,0,0,0,4,1,1.1,0,7.0,1,0,28,77.5,-1.9599300631450357e-14,1.0,76.9
55.0,0,0,0,5,1,1.3,0,7.0,1,0,28,76.9,0.7818314824680308,0.6234898018587323,76.5
0.0,0,2,1,5,1,0.9,1,8.0,1,0,28,76.5,0.9749279121818248,-0.2225209339563091,77.2
55.0,0,0,0,4,0,1.9,0,6.5,-1,1,26,77.2,0.43388373911756944,-0.9009688679024137,76.5
0.0,0,1,0,5,0,1.0,0,5.25,-1,1,26,76.5,-0.43388373911756595,-0.9009688679024154,76.2
0.0,0,1,0,5,1,1.3,0,6.666666667,1,1,27,76.2,-0.974927912181824,-0.2225209339563129,75.7
0.0,0,1,1,3,1,1.0,0,9.0,1,0,28,75.7,-0.7818314824680334,0.6234898018587292,76.7
55.0,0,0,0,3,0,1.1,0,6.5,0,1,30,76.7,-1.2738802633678827e-14,1.0,76.1
0.0,0,0,0,4,0,1.1,1,7.5,-1,1,26,76.1,0.7818314824680174,0.623489801858749,75.8
50.0,0,0,1,4,1,1.1,0,6.0,-1,1,16,75.8,0.9749279121818233,-0.22252093395631578,76.3
0.0,0,0,0,4,1,1.3,0,6.5,-1,0,21,76.3,0.4338837391175633,-0.9009688679024166,75.9
0.0,0,0,0,4,1,1.5,0,7.0,1,0,22,75.9,-0.4338837391175465,-0.9009688679024247,75.9
0.0,0,1,1,3,3,1.5,-1,8.0,1,0,24,75.9,-0.9749279121818255,-0.2225209339563062,76.5
0.0,0,0,0,3,1,1.4,-1,8.0,1,1,23,76.5,-0.781831482468029,0.6234898018587345,76.7
55.0,0,0,0,4,3,1.5,-1,6.5,-1,0,22,76.7,-5.878304635907295e-15,1.0,76.4
0.0,0,0,0,3,1,1.6,0,7.5,0,0,24,76.4,0.7818314824680217,0.6234898018587437,75.8
55.0,0,1,1,4,1,1.0,0,6.5,1,0,27,75.8,0.9749279121818281,-0.22252093395629474,76.1
55.0,0,0,0,5,0,1.3,0,6.5,0,1,27,76.1,0.4338837391175571,-0.9009688679024196,75.5
0.0,0,1,0,4,2,1.1,0,7.0,0,0,16,75.5,-0.4338837391175527,-0.9009688679024217,75.5
65.0,0,0,1,5,0,2.1,1,8.0,0,0,18,75.5,-0.9749279121818207,-0.22252093395632724,76.2
0.0,0,2,1,3,2,1.1,0,7.5,1,0,19,76.2,-0.7818314824680248,0.6234898018587399,77.6
55.0,0,0,1,4,2,1.1,0,6.5,-1,1,19,77.6,9.82193361864236e-16,1.0,76.5
55.0,0,0,0,5,2,1.1,-1,7.0,-1,0,22,76.5,0.7818314824680259,0.6234898018587384,75.5
0.0,0,1,0,5,0,1.5,0,8.5,0,0,21,75.5,0.9749279121818266,-0.22252093395630143,
0.0,0,1,1,4,0,1.0,1,8.75,0,0,26,,0.43388373911757655,-0.9009688679024103,
0.0,0,1,1,3,1,0.9,0,8.5,1,0,30,,-0.4338837391175589,-0.9009688679024188,
0.0,0,1,0,3,1,1.0,0,9.333333332999999,-1,0,17,,-0.9749279121818222,-0.22252093395632055,
0.0,0,1,1,5,0,0.5,0,7.5,-1,1,15,,-0.7818314824680382,0.623489801858723,
0.0,0,1,1,7,1,1.2,0,6.0,0,1,20,,7.842691359635767e-15,1.0,77.3
0.0,0,1,1,4,1,1.2,0,7.5,-1,0,26,77.3,0.7818314824680302,0.6234898018587329,76.8
0.0,0,0,1,4,2,1.3,-1,7.5,0,0,26,76.8,0.9749279121818251,-0.22252093395630812,76.1
0.0,0,0,0,4,1,1.1,0,6.0,-1,0,28,76.1,0.43388373911757033,-0.9009688679024133,75.5
0.0,0,0,1,3,1,1.9,0,7.0,-1,1,20,75.5,-0.43388373911753947,-0.9009688679024281,76.4
0.0,0,1,0,5,1,1.2,0,5.166666667,1,0,24,76.4,-0.9749279121818237,-0.22252093395631387,76.5
0.0,0,0,0,3,1,1.3,0,8.416666667000001,1,0,25,76.5,-0.7818314824680339,0.6234898018587284,76.3
50.0,0,0,1,4,0,1.7,1,6.5,1,0,25,76.3,-1.371852007299671e-14,1.0,76.2
45.0,0,0,1,4,1,1.5,0,7.0,-1,1,22,76.2,0.7818314824680345,0.6234898018587276,75.6
45.0,0,0,0,4,1,1.6,0,6.5,-1,0,20,75.6,0.9749279121818235,-0.2225209339563148,75.4
45.0,0,0,1,4,1,1.9,0,7.0,0,0,23,75.4,0.43388373911756417,-0.9009688679024163,75.4
55.0,0,0,1,4,1,1.8,0,7.0,1,0,26,75.4,-0.43388373911754563,-0.9009688679024251,75.2
0.0,0,2,1,3,1,1.3,0,8.5,1,0,27,75.2,-0.974927912181819,-0.22252093395633488,75.5
0.0,0,0,0,3,1,1.9,0,8.0,0,1,29,75.5,-0.7818314824680296,0.6234898018587337,75.7
35.0,0,1,1,4,1,2.0,0,7.0,0,1,25,75.7,-6.858022075225178e-15,1.0,75.9
45.0,0,0,1,4,2,2.1,0,7.0,1,1,26,75.9,0.781831482468021,0.6234898018587445,75.4
35.0,0,0,0,4,2,1.3,-1,6.5,1,0,27,75.4,0.974927912181822,-0.2225209339563215,75.1
55.0,0,0,1,4,0,2.0,0,7.5,1,0,27,75.1,0.433883739117558,-0.9009688679024191,75.0
40.0,0,0,0,3,1,1.8,0,6.5,1,0,29,75.0,-0.4338837391175518,-0.9009688679024221,75.0
0.0,0,2,0,5,1,1.5,1,6.916666667,-1,1,21,75.0,-0.9749279121818205,-0.2225209339563282,75.1
0.0,0,0,0,4,1,1.3,-1,10.0,-1,1,19,75.1,-0.781831482468043,0.6234898018587169,75.1
55.0,0,0,0,4,1,1.5,0,7.0,-1,1,23,75.1,2.475922546353431e-18,1.0,74.4
55.0,0,1,0,4,1,2.2,1,7.0,1,0,28,74.4,0.7818314824680254,0.6234898018587391,74.7
55.0,0,0,0,3,1,2.3,0,7.5,1,0,28,74.7,0.9749279121818267,-0.2225209339563005,75.1
50.0,0,0,1,3,1,2.6,0,6.5,1,0,28,75.1,0.4338837391175518,-0.9009688679024221,75.6
0.0,0,0,0,3,0,1.9,0,7.0,1,0,29,75.6,-0.433883739117558,-0.9009688679024191,75.1
0.0,0,1,1,5,0,1.5,0,7.5,1,1,30,75.1,-0.974927912181822,-0.2225209339563215,76.2
0.0,0,1,1,4,1,1.8,1,8.0,1,0,29,76.2,-0.7818314824680388,0.6234898018587223,76.3
0.0,0,1,1,4,0,2.4,0,7.5,1,0,32,76.3,-2.1558735510086122e-14,1.0,75.8
50.0,0,0,0,3,1,2.2,0,7.0,1,0,33,75.8,0.7818314824680297,0.6234898018587337,75.2
0.0,0,0,0,5,1,1.6,0,7.0,1,0,33,75.2,0.9749279121818253,-0.22252093395630718,75.1
35.0,0,0,1,4,0,2.0,0,7.0,1,0,31,75.1,0.4338837391175712,-0.9009688679024128,75.4
0.0,0,1,0,3,0,3.2,1,6.5,1,0,32,75.4,-0.43388373911756417,-0.9009688679024163,76.3
0.0,0,1,1,3,0,2.1,0,7.5,1,0,33,76.3,-0.9749279121818235,-0.2225209339563148,76.1
0.0,1,1,2,2,0,2.7,1,8.333333332999999,1,0,31,76.1,-0.7818314824680345,0.6234898018587276,75.7
0.0,0,0,0,3,2,2.0,0,6.0,1,0,32,75.7,-1.469823751231459e-14,1.0,75.1
0.0,0,0,0,3,1,2.0,0,7.5,0,1,32,75.1,0.7818314824680161,0.6234898018587506,75.3
0.0,0,0,2,4,2,1.9,1,7.5,1,0,29,75.3,0.9749279121818237,-0.22252093395631387,75.8
0.0,0,2,1,5,0,2.3,1,6.5,1,1,34,75.8,0.43388373911756506,-0.9009688679024158,75.8
0.0,0,0,1,5,0,1.7,0,6.5,-1,1,21,75.8,-0.43388373911754474,-0.9009688679024256,
0.0,0,1,3,4,1,2.1,0,6.5,1,0,28,,-0.9749279121818251,-0.22252093395630812,
0.0,0,1,2,4,1,1.5,0,8.0,1,0,28,,-0.7818314824680302,0.6234898018587329,76.6
0.0,1,0,1,4,1,2.7,0,7.5,0,1,31,76.6,-7.83773951454306e-15,1.0,76.4
0.0,0,0,0,4,2,1.6,0,7.5,0,0,22,76.4,0.7818314824680205,0.6234898018587453,75.6
0.0,0,0,0,3,0,1.7,1,7.0,1,0,28,75.6,0.9749279121818285,-0.22252093395629283,76.2
0.0,1,0,1,4,0,2.7,0,7.5,1,0,28,76.2,0.4338837391175589,-0.9009688679024188,76.2
0.0,0,1,2,6,1,2.0,0,6.5,1,0,29,76.2,-0.43388373911755096,-0.9009688679024226,75.8
0.0,0,0,0,4,0,1.4,1,8.333333332999999,1,0,28,75.8,-0.9749279121818203,-0.22252093395632913,75.7
0.0,0,1,0,4,0,1.9,0,6.5,1,0,29,75.7,-0.7818314824680259,0.6234898018587384,75.8
0.0,0,0,0,4,0,1.7,0,7.5,1,0,29,75.8,-9.772415167715292e-16,1.0,74.7
0.0,0,0,1,4,0,2.4,1,7.0,1,0,29,74.7,0.7818314824680248,0.6234898018587399,75.4
0.0,0,1,1,6,1,1.3,0,6.0,1,1,31,75.4,0.974927912181827,-0.22252093395629952,
0.0,0,1,0,4,1,1.2,0,8.5,-1,1,18,,0.4338837391175783,-0.9009688679024094,
0.0,0,1,2,6,1,2.0,0,8.0,0,1,15,,-0.4338837391175571,-0.9009688679024196,
0.0,0,1,2,5,0,1.0,0,7.166666667,0,1,17,,-0.9749279121818217,-0.22252093395632244,
0.0,0,0,1,4,1,0.8,0,7.0,-1,1,13,,-0.7818314824680395,0.6234898018587215,
0.0,0,1,0,5,1,1.3,0,6.0,1,0,24,,5.883256481000002e-15,1.0,77.3
0.0,0,1,2,6,1,1.5,0,7.0,1,0,33,77.3,0.781831482468029,0.6234898018587345,
0.0,0,2,2,4,1,1.1,0,8.0,1,0,36,,0.9749279121818255,-0.2225209339563062,
0.0,0,2,2,4,1,1.4,1,9.0,1,0,32,,0.4338837391175721,-0.9009688679024124,
0.0,0,1,1,4,0,1.6,0,7.0,1,0,36,,-0.4338837391175377,-0.9009688679024289,
0.0,0,1,1,3,0,1.4,1,6.0,1,0,37,,-0.9749279121818233,-0.22252093395631575,
0.0,0,1,0,2,0,0.8,1,5.0,1,0,35,,-0.7818314824680351,0.6234898018587268,
0.0,0,1,1,2,0,1.1,0,8.5,0,1,31,,-1.5677954951632475e-14,1.0,
0.0,0,1,1,3,0,1.2,0,9.0,0,1,33,,0.7818314824680334,0.6234898018587292,
0.0,0,2,2,3,1,1.5,0,8.166666667000001,1,0,33,,0.974927912181824,-0.2225209339563129,
0.0,0,2,2,4,1,1.2,0,7.0,1,0,33,,0.43388373911756595,-0.9009688679024154,
0.0,0,0,2,3,0,1.3,0,8.0,-1,0,26,,-0.43388373911754385,-0.900968867902426,
0.0,0,2,0,5,1,1.1,0,7.5,0,0,21,,-0.9749279121818185,-0.2225209339563368,77.4
0.0,1,1,1,3,2,2.2,0,9.25,1,0,24,77.4,-0.7818314824680308,0.6234898018587323,77.8
45.0,0,1,1,5,1,1.2,0,4.25,0,0,26,77.8,-8.817456953860943e-15,1.0,77.8
50.0,0,0,1,4,1,2.2,0,7.5,1,0,27,77.8,0.7818314824680198,0.623489801858746,76.9
0.0,0,1,0,3,1,2.0,0,7.0,1,0,28,76.9,0.9749279121818224,-0.22252093395631958,77.0
50.0,1,0,1,4,1,3.0,0,7.5,0,0,25,77.0,0.43388373911755973,-0.9009688679024184,77.0
45.0,0,0,0,4,0,2.2,-1,7.0,-1,1,20,77.0,-0.43388373911755007,-0.900968867902423,76.8
35.0,0,2,0,4,3,2.0,-1,6.5,-1,0,20,76.8,-0.9749279121818201,-0.2225209339563301,77.4
0.0,1,0,0,3,1,2.1,0,8.5,1,0,24,77.4,-0.7818314824680443,0.6234898018587154,78.2
55.0,0,1,0,4,1,2.0,0,6.5,1,0,26,78.2,-1.9569589560894117e-15,1.0,77.2
50.0,0,0,0,5,1,2.0,0,6.5,0,0,26,77.2,0.7818314824680241,0.6234898018587407,76.5
50.0,0,1,0,4,2,1.8,0,7.5,0,0,26,76.5,0.9749279121818272,-0.22252093395629857,76.5
55.0,1,0,1,4,1,2.9,0,6.5,1,0,27,76.5,0.43388373911755357,-0.9009688679024214,77.0
0.0,0,1,1,5,0,2.1,0,7.5,0,0,27,77.0,-0.43388373911755623,-0.90096886790242,77.2
0.0,0,1,1,5,1,2.0,1,5.25,0,0,18,77.2,-0.9749279121818215,-0.2225209339563234,78.1
0.0,1,0,2,3,1,1.6,0,9.5,0,0,26,78.1,-0.78183148246804,0.6234898018587207,78.4
45.0,0,0,0,3,1,1.6,0,7.0,1,0,14,78.4,-2.3518170388721888e-14,1.0,77.2
50.0,0,0,1,4,1,2.0,0,7.5,1,0,12,77.2,0.7818314824680284,0.6234898018587353,76.9
50.0,0,0,0,4,1,1.5,-1,6.5,1,0,18,76.9,0.9749279121818257,-0.22252093395630526,77.2
50.0,1,0,1,4,1,2.6,-1,7.5,1,0,22,77.2,0.433883739117573,-0.9009688679024119,76.9
45.0,0,1,1,4,2,2.5,1,6.5,1,0,22,76.9,-0.4338837391175624,-0.900968867902417,76.9
0.0,0,2,1,5,0,0.8,0,8.0,1,0,17,76.9,-0.9749279121818231,-0.22252093395631672,
0.0,0,1,2,3,1,1.4,0,8.0,1,0,22,,-0.7818314824680358,0.623489801858726,76.9
45.0,0,0,0,4,0,1.7,0,7.0,-1,1,13,76.9,-1.6657672390950356e-14,1.0,77.0
45.0,1,0,1,4,1,3.0,0,7.0,0,0,12,77.0,0.7818314824680149,0.6234898018587521,76.5
35.0,0,0,1,5,2,1.9,0,9.0,-1,0,14,76.5,0.9749279121818242,-0.22252093395631195,77.0
25.0,0,0,1,4,0,1.4,0,6.5,1,0,18,77.0,0.43388373911756684,-0.9009688679024149,
0.0,1,0,1,5,0,2.3,-1,7.0,1,0,22,,-0.43388373911754297,-0.9009688679024265,77.7
0.0,0,2,3,5,0,0.8,0,6.0,1,0,23,77.7,-0.9749279121818246,-0.22252093395631004,
0.0,0,0,3,3,0,1.0,0,8.5,0,1,20,,-0.7818314824680315,0.6234898018587315,
0.0,0,0,0,5,1,1.0,0,4.5,0,0,20,,-9.797174393178826e-15,1.0,77.4
0.0,0,0,0,4,3,1.4,0,8.0,-1,0,20,77.4,0.7818314824680193,0.6234898018587468,77.6
0.0,1,0,1,4,1,2.0,0,8.0,1,0,22,77.6,0.974927912181829,-0.22252093395629094,77.4
0.0,0,0,0,5,1,1.2,0,5.5,1,0,22,77.4,0.4338837391175606,-0.9009688679024179,76.9
0.0,0,0,1,4,0,1.4,0,8.0,1,0,22,76.9,-0.4338837391175492,-0.9009688679024235,77.1
0.0,0,1,2,4,1,0.8,1,8.5,1,0,23,77.1,-0.9749279121818198,-0.22252093395633105,77.5
0.0,1,0,0,3,1,2.4,0,7.5,1,0,23,77.5,-0.7818314824680271,0.6234898018587368,76.7
40.0,0,1,1,4,1,1.4,0,6.5,1,0,23,76.7,-3.13583858258113e-14,1.0,76.9
30.0,0,0,1,4,0,1.0,0,6.5,1,0,21,76.9,0.7818314824680235,0.6234898018587414,77.2
35.0,0,0,1,4,1,1.4,0,7.5,1,0,21,77.2,0.9749279121818211,-0.22252093395632533,77.1
25.0,1,0,1,4,0,2.4,0,7.0,1,0,19,77.1,0.43388373911758005,-0.9009688679024086,76.5
0.0,0,1,1,6,0,2.3,0,6.083333333,0,0,18,76.5,-0.43388373911755534,-0.9009688679024205,76.5
40.0,0,2,0,4,0,2.9,0,8.0,0,0,16,76.5,-0.974927912181815,-0.22252093395635208,76.8
0.0,0,0,0,4,1,1.6,0,6.0,1,0,14,76.8,-0.7818314824680406,0.6234898018587199,77.2
30.0,0,0,1,4,1,1.8,0,8.0,1,0,13,77.2,3.923821602364237e-15,1.0,
35.0,1,1,1,3,1,3.2,0,6.5,-1,1,14,,0.78183148246801,0.6234898018587582,76.6
35.0,0,0,0,4,2,1.8,0,7.5,-1,1,12,76.6,0.974927912181826,-0.22252093395630432,76.4
35.0,0,1,1,4,1,2.5,0,6.0,0,0,16,76.4,0.4338837391175483,-0.9009688679024238,76.5
35.0,0,1,1,4,0,2.0,0,6.5,1,0,16,76.5,-0.4338837391175359,-0.9009688679024298,77.2
0.0,1,2,1,4,2,2.1,0,6.25,-1,1,8,77.2,-0.9749279121818228,-0.22252093395631767,77.2
0.0,0,2,0,4,1,1.4,0,10.0,-1,1,6,77.2,-0.7818314824680186,0.6234898018587476,76.3
40.0,0,0,1,4,3,1.4,0,7.5,-1,1,10,76.3,-1.763738983026824e-14,1.0,76.0
33.0,1,0,0,3,4,3.2,0,7.0,0,0,8,76.0,0.7818314824680321,0.6234898018587307,76.3
50.0,0,0,0,4,2,1.8,0,7.0,-1,0,13,76.3,0.9749279121818307,-0.22252093395628328,76.2
0.0,0,1,1,4,3,2.0,0,8.0,-1,0,14,76.2,0.4338837391175677,-0.9009688679024145,76.0
0.0,1,0,1,5,1,2.2,0,6.5,-1,0,11,76.0,-0.4338837391175677,-0.9009688679024145,76.4
0.0,0,1,1,3,0,0.8,0,8.0,-1,0,11,76.4,-0.9749279121818181,-0.2225209339563387,
0.0,0,1,0,3,2,1.0,1,8.0,-1,0,12,,-0.781831482468032,0.6234898018587307,76.4
52.0,1,0,1,3,1,3.0,0,7.5,1,0,17,76.4,-3.919860126290071e-14,1.0,76.5
35.0,0,0,0,4,1,2.0,0,6.5,-1,0,19,76.5,0.7818314824680186,0.6234898018587476,76.3
0.0,0,1,1,4,1,2.0,0,7.5,1,0,17,76.3,0.9749279121818228,-0.2225209339563177,76.8
55.0,1,1,0,4,2,1.9,-1,6.5,0,0,13,76.8,0.43388373911758715,-0.9009688679024052,75.8
0.0,0,0,1,4,0,1.7,0,7.5,-1,0,12,75.8,-0.4338837391175483,-0.9009688679024238,75.5
0.0,0,2,0,5,2,2.1,0,6.5,1,0,16,75.5,-0.974927912181826,-0.2225209339563043,75.5
0.0,1,1,0,3,2,1.5,-1,9.5,1,0,15,75.5,-0.7818314824680455,0.6234898018587138,75.5
38.0,0,0,0,4,1,1.3,-1,7.0,1,0,16,75.5,-3.9163938347251765e-15,1.0,75.3
0.0,0,0,1,5,1,1.5,-1,6.5,-1,0,13,75.3,0.7818314824680407,0.6234898018587199,75.7
0.0,1,0,1,3,1,2.3,0,8.0,1,0,10,75.7,0.9749279121818276,-0.22252093395629666,75.8
0.0,0,0,1,5,0,1.2,-1,8.0,-1,0,7,75.8,0.43388373911755534,-0.9009688679024205,76.2
38.0,0,0,0,4,2,1.8,0,6.5,0,0,6,76.2,-0.43388373911752887,-0.9009688679024332,75.4
0.0,0,2,1,3,2,1.5,1,8.0,1,0,6,75.4,-0.9749279121818211,-0.22252093395632533,75.4
0.0,1,1,0,2,2,2.1,0,8.5,1,0,4,75.4,-0.7818314824680235,0.6234898018587414,76.6
50.0,0,0,0,3,1,1.8,0,7.0,-1,0,1,76.6,-2.5477605267357653e-14,1.0,75.5
45.0,0,0,1,4,0,2.1,0,7.0,1,0,6,75.5,0.7818314824680273,0.6234898018587368,75.7
0.0,1,0,1,4,1,2.2,0,6.0,-1,0,2,75.7,0.9749279121818325,-0.22252093395627565,75.5
45.0,0,1,1,4,2,1.6,0,6.5,1,0,6,75.5,0.4338837391175748,-0.9009688679024112,75.3
40.0,0,0,0,5,2,1.9,-1,6.5,-1,0,6,75.3,-0.4338837391175607,-0.9009688679024179,75.1
0.0,0,1,0,6,0,1.1,1,6.25,-1,1,6,75.1,-0.9749279121818163,-0.22252093395634634,75.9
0.0,0,0,1,4,1,1.7,0,9.0,-1,1,5,75.9,-0.7818314824680369,0.6234898018587246,75.5
0.0,0,1,0,3,1,1.3,0,8.0,-1,1,4,75.5,9.804602160817886e-15,1.0,75.3
45.0,0,0,1,4,1,1.3,0,7.0,-1,1,2,75.3,0.7818314824680137,0.6234898018587537,75.0
0.0,0,1,0,4,2,1.1,0,7.5,-1,0,2,75.0,0.9749279121818246,-0.22252093395631004,74.8
40.0,0,0,1,4,1,1.6,0,6.0,0,0,4,74.8,0.43388373911754297,-0.9009688679024265,74.6
45.0,0,1,0,3,3,1.8,0,6.0,-1,1,4,74.6,-0.43388373911754125,-0.9009688679024273,74.4
0.0,0,1,1,4,0,2.0,-1,8.5,0,0,9,74.4,-0.9749279121818242,-0.22252093395631195,74.8
0.0,0,1,0,6,1,1.6,0,7.333333333,-1,1,9,74.8,-0.7818314824680505,0.6234898018587077,75.5
55.0,0,0,0,4,1,1.6,0,6.0,-1,0,13,75.5,-1.175660927181459e-14,1.0,74.2
0.0,0,1,0,3,1,1.3,0,7.5,-1,1,8,74.2,0.7818314824680358,0.623489801858726,74.1
50.0,1,0,1,4,1,2.6,0,7.5,-1,0,6,74.1,0.9749279121818294,-0.22252093395628902,74.2
45.0,0,0,0,3,1,1.8,0,7.0,-1,0,9,74.2,0.4338837391175624,-0.900968867902417,74.3
46.0,0,0,1,4,1,1.6,0,7.0,-1,0,13,74.3,-0.4338837391175218,-0.9009688679024366,74.6
0.0,0,2,1,5,1,1.3,0,6.333333333,0,0,8,74.6,-0.9749279121818194,-0.22252093395633296,74.9
0.0,1,1,2,3,1,1.9,0,8.0,-1,1,6,74.9,-0.7818314824680284,0.6234898018587353,74.9
40.0,0,1,0,5,2,1.6,0,5.75,-1,0,3,74.9,-3.331782070444707e-14,1.0,74.2
45.0,0,0,0,4,2,1.6,0,7.0,-1,0,2,74.2,0.7818314824680224,0.6234898018587429,74.8
41.0,1,0,1,4,1,2.2,0,7.0,-1,0,2,74.8,0.9749279121818215,-0.2225209339563234,74.3
0.0,0,2,1,5,0,2.0,0,6.0,-1,0,0,74.3,0.4338837391175818,-0.9009688679024077,
0.0,0,2,2,3,2,1.0,0,8.0,-1,0,1,,-0.43388373911755357,-0.9009688679024213,
0.0,0,2,2,5,0,1.2,0,8.0,-1,0,2,,-0.9749279121818272,-0.22252093395629857,
0.0,0,1,0,5,1,1.3,0,7.0,-1,0,3,,-0.7818314824680419,0.6234898018587184,75.5
0.0,0,0,0,3,1,1.4,0,7.0,-1,0,3,75.5,1.964386723728472e-15,1.0,75.2
35.0,0,1,1,4,1,1.5,0,6.5,1,0,5,75.2,0.7818314824680088,0.6234898018587598,75.6
45.0,0,2,0,4,0,1.6,0,6.5,-1,0,4,75.6,0.9749279121818264,-0.2225209339563024,74.7
55.0,1,2,1,4,1,2.3,1,6.0,1,0,8,74.7,0.43388373911755007,-0.900968867902423,74.7
0.0,0,1,0,4,0,1.6,1,7.5,-1,1,9,74.7,-0.43388373911753414,-0.9009688679024307,74.9
0.0,0,2,1,4,0,1.9,0,6.166666667,-1,1,11,74.9,-0.9749279121818224,-0.22252093395631958,76.1
0.0,1,2,1,3,0,1.8,0,8.25,-1,1,10,76.1,-0.7818314824680553,0.6234898018587016,75.7
0.0,0,2,0,3,1,1.6,1,8.75,-1,0,4,75.7,-1.9596824708904003e-14,1.0,75.0
0.0,0,2,2,5,2,1.7,0,8.5,-1,0,2,75.0,0.7818314824680308,0.6234898018587323,75.0
0.0,0,2,2,5,1,1.6,0,7.75,1,0,3,75.0,0.9749279121818312,-0.22252093395628136,75.8
45.0,0,1,1,4,1,1.6,1,5.0,0,0,3,75.8,0.43388373911756944,-0.9009688679024137,75.0
40.0,0,1,2,4,2,1.9,1,7.5,1,0,5,75.0,-0.43388373911756595,-0.9009688679024154,75.7
65.0,1,1,1,3,2,2.7,0,8.0,0,0,2,75.7,-0.9749279121818176,-0.2225209339563406,75.8
0.0,0,1,0,4,1,1.4,0,8.0,-1,0,3,75.8,-0.7818314824680334,0.6234898018587292,76.2
57.0,0,3,0,4,0,3.0,0,7.916666667,-1,1,4,76.2,1.5685382719271533e-14,1.0,
0.0,0,0,0,0,1,0.5,-1,11.0,-1,1,3,,0.7818314824680174,0.623489801858749,75.3
0.0,0,0,0,0,4,1.0,-1,11.0,-1,1,1,75.3,0.9749279121818233,-0.22252093395631578,74.6
0.0,0,0,0,0,6,1.0,1,9.5,0,0,-1,74.6,0.4338837391175889,-0.9009688679024043,74.4
0.0,0,0,0,0,7,2.0,-1,9.25,-1,0,0,74.4,-0.4338837391175465,-0.9009688679024247,74.6
0.0,0,0,0,1,5,1.0,0,7.0,-1,0,1,74.6,-0.9749279121818255,-0.2225209339563062,74.8
0.0,1,0,0,2,3,2.0,-1,8.5,-1,1,2,74.8,-0.7818314824680468,0.6234898018587123,74.4
0.0,0,0,0,3,2,1.8,0,6.5,-1,0,2,74.4,-5.875828713360942e-15,1.0,74.1
0.0,0,0,0,3,2,1.8,0,7.0,-1,1,3,74.1,0.7818314824680039,0.6234898018587659,74.2
0.0,0,0,1,3,2,2.0,0,7.0,-1,0,1,74.2,0.9749279121818281,-0.22252093395629474,74.4
0.0,1,0,1,3,1,2.8,0,7.0,-1,0,0,74.4,0.4338837391175571,-0.9009688679024196,74.1
0.0,0,0,0,4,1,2.0,0,7.0,-1,0,-1,74.1,-0.4338837391175271,-0.900968867902434,74.2
0.0,0,0,0,2,2,1.0,0,8.5,-1,0,4,74.2,-0.9749279121818207,-0.22252093395632724,74.5
0.0,1,0,1,3,2,1.9,0,9.0,-1,1,4,74.5,-0.7818314824680248,0.6234898018587399,75.0
0.0,0,0,0,3,2,1.6,0,7.0,-1,1,3,75.0,-2.743704014599342e-14,1.0,75.0
0.0,0,0,0,3,1,2.1,0,6.5,-1,0,3,75.0,0.7818314824680259,0.6234898018587384,74.2
0.0,0,0,1,3,3,1.6,0,8.0,1,0,4,74.2,0.9749279121818203,-0.22252093395632916,74.0
0.0,1,0,1,3,1,2.4,-1,7.0,0,0,7,74.0,0.43388373911757655,-0.9009688679024103,74.1
0.0,0,0,0,3,2,1.6,0,7.0,0,0,1,74.1,-0.4338837391175589,-0.9009688679024188,73.4
0.0,0,0,1,3,1,1.8,0,7.5,1,0,1,73.4,-0.9749279121818158,-0.22252093395634825,74.4
0.0,1,0,0,3,3,1.9,-1,7.5,-1,0,1,74.4,-0.7818314824680382,0.623489801858723,74.2
0.0,0,0,0,3,2,1.3,0,7.0,-1,0,-1,74.2,7.84516728218212e-15,1.0,73.6
0.0,0,0,0,3,1,2.1,0,7.5,-1,0,-1,73.6,0.7818314824680125,0.6234898018587552,74.0
0.0,0,0,1,3,1,2.1,0,7.0,-1,0,-2,74.0,0.9749279121818251,-0.22252093395630812,74.1
0.0,0,0,0,4,1,1.2,0,7.0,0,0,-2,74.1,0.433883739117596,-0.9009688679024009,
0.0,1,0,1,5,3,1.6,0,9.5,-1,0,-3,,-0.43388373911753947,-0.9009688679024281,
0.0,0,0,1,5,1,1.6,0,8.5,-1,0,-3,,-0.9749279121818237,-0.22252093395631387,
0.0,0,0,1,4,1,1.3,0,8.0,-1,0,1,,-0.7818314824680517,0.6234898018587062,
0.0,0,0,1,3,1,1.5,0,7.0,0,0,3,,-1.3716044150450356e-14,1.0,
0.0,0,0,1,4,1,1.3,0,8.0,-1,0,2,,0.7818314824680345,0.6234898018587276,73.8
0.0,1,0,1,5,1,2.8,0,6.0,-1,0,2,73.8,0.9749279121818298,-0.2225209339562871,73.0
0.0,0,0,0,4,1,2.0,0,6.5,1,0,3,73.0,0.43388373911756417,-0.9009688679024163,73.5
0.0,0,0,0,4,2,1.7,0,8.0,-1,0,2,73.5,-0.4338837391175712,-0.9009688679024128,73.8
0.0,0,0,0,4,3,1.7,0,8.0,-1,1,6,73.8,-0.974927912181819,-0.22252093395633488,74.6
0.0,1,0,2,3,2,2.1,0,8.5,-1,0,0,74.6,-0.7818314824680296,0.6234898018587338,73.8
0.0,0,0,0,3,2,1.6,0,7.0,1,0,2,73.8,-3.527725558308283e-14,1.0,73.9
0.0,0,0,0,4,2,1.1,0,6.5,1,0,1,73.9,0.781831482468021,0.6234898018587445,72.9
0.0,0,0,0,4,1,2.0,0,6.0,1,0,0,72.9,0.974927912181822,-0.2225209339563215,73.2
0.0,0,0,1,5,2,1.8,0,7.0,-1,1,5,73.2,0.4338837391175836,-0.9009688679024068,73.0
0.0,0,0,0,4,3,1.1,0,7.0,1,0,7,73.0,-0.4338837391175518,-0.9009688679024221,72.4
0.0,0,0,0,3,3,1.5,0,8.5,0,0,9,72.4,-0.9749279121818142,-0.2225209339563559,72.8
0.0,1,0,1,3,2,2.1,-1,9.0,-1,0,10,72.8,-0.781831482468043,0.6234898018587169,74.1
0.0,0,0,0,5,0,1.0,-1,5.75,-1,1,3,74.1,4.951845092706862e-18,1.0,73.0
0.0,0,0,1,4,1,1.1,0,7.5,-1,0,3,73.0,0.7818314824680076,0.6234898018587613,73.3
0.0,0,0,0,4,2,1.8,-1,7.0,1,0,6,73.3,0.9749279121818267,-0.2225209339563005,71.8
0.0,0,0,1,4,0,2.1,0,6.5,1,0,9,71.8,0.4338837391175518,-0.9009688679024221,72.2
0.0,0,0,0,4,0,1.8,0,7.0,1,0,11,72.2,-0.4338837391175324,-0.9009688679024315,72.8
0.0,0,0,0,4,1,1.2,0,7.0,1,0,13,72.8,-0.974927912181822,-0.2225209339563215,72.9
0.0,0,0,1,2,1,1.3,0,8.5,1,0,16,72.9,-0.781831482468021,0.6234898018587445,73.2
0.0,0,0,0,3,1,1.6,0,6.0,1,0,14,73.2,-2.1556259587539768e-14,1.0,72.5
0.0,0,0,0,4,1,1.6,0,7.0,1,0,14,72.5,0.7818314824680297,0.6234898018587337,72.7
0.0,0,0,0,3,1,2.0,0,6.5,-1,0,11,72.7,0.9749279121818316,-0.22252093395627948,72.2
0.0,0,0,1,4,1,2.6,0,7.0,-1,0,13,72.2,0.4338837391175712,-0.9009688679024128,72.5
0.0,0,0,0,3,2,2.2,0,6.5,-1,1,8,72.5,-0.43388373911756417,-0.9009688679024161,72.0
0.0,0,0,1,2,6,1.2,0,8.166666667000001,1,0,6,72.0,-0.9749279121818172,-0.2225209339563425,72.2
0.0,0,0,0,2,4,1.2,0,9.833333332999999,1,0,8,72.2,-0.7818314824680345,0.6234898018587276,72.0
0.0,0,0,0,4,2,1.1,0,5.5,1,0,14,72.0,-4.3117471020172244e-14,1.0,71.9
0.0,0,0,1,4,1,1.8,0,7.0,1,0,16,71.9,0.7818314824680163,0.6234898018587506,72.1
0.0,0,0,0,4,1,1.8,0,6.0,1,0,16,72.1,0.9749279121818237,-0.22252093395631387,72.1
0.0,0,0,1,4,2,1.7,0,6.5,1,0,17,72.1,0.43388373911759065,-0.9009688679024035,71.8
0.0,0,0,0,4,2,1.6,0,7.0,-1,1,8,71.8,-0.43388373911754474,-0.9009688679024256,72.0
0.0,0,0,0,3,4,1.4,0,8.0,-1,0,9,72.0,-0.9749279121818251,-0.22252093395630812,72.5
0.0,0,0,0,2,2,1.0,1,8.0,0,0,14,72.5,-0.781831482468048,0.6234898018587107,73.4
0.0,1,0,1,4,1,2.0,0,7.5,-1,1,16,73.4,-7.835263591996707e-15,1.0,72.7
0.0,0,0,0,3,2,1.3,0,7.166666667,0,0,9,72.7,0.7818314824680382,0.623489801858723,72.0
0.0,0,0,0,4,1,1.6,0,7.0,0,0,16,72.0,0.9749279121818285,-0.22252093395629285,71.8
0.0,0,0,1,3,1,1.5,-1,6.0,-1,1,9,71.8,0.4338837391175589,-0.9009688679024188,71.7
0.0,0,0,0,4,3,1.7,-1,6.0,0,0,9,71.7,-0.4338837391175253,-0.9009688679024349,71.6
0.0,0,0,0,4,2,1.1,-1,7.5,-1,1,12,71.6,-0.9749279121818203,-0.22252093395632913,71.6
0.0,1,0,1,2,2,1.7,0,7.5,-1,1,13,71.6,-0.7818314824680259,0.6234898018587384,72.2
0.0,0,0,0,3,1,1.6,0,6.0,-1,0,5,72.2,-2.939647502462918e-14,1.0,71.9
0.0,0,0,0,3,1,1.8,0,6.5,1,0,9,71.9,0.7818314824680248,0.6234898018587399,
0.0,1,0,1,3,1,2.5,0,6.0,0,1,8,,0.9749279121818333,-0.22252093395627182,71.6
0.0,0,0,0,3,0,1.5,-1,7.0,-1,1,6,71.6,0.43388373911757827,-0.9009688679024094,71.3
0.0,0,0,0,3,1,1.4,0,7.0,-1,1,11,71.3,-0.4338837391175571,-0.9009688679024196,71.1
0.0,1,0,0,3,3,2.0,0,8.166666667000001,0,0,14,71.1,-0.9749279121818154,-0.22252093395635017,71.5
0.0,0,0,0,3,2,1.5,0,8.5,1,0,18,71.5,-0.7818314824680395,0.6234898018587215,
0.0,0,0,2,4,2,1.2,0,7.0,-1,0,11,,5.885732403546356e-15,1.0,
0.0,0,0,1,4,1,1.1,0,8.0,-1,0,8,,0.7818314824680113,0.6234898018587567,
0.0,0,0,1,3,0,1.2,0,7.0,1,0,10,,0.9749279121818255,-0.22252093395630623,72.2
0.0,0,2,1,4,1,2.1,1,7.0,1,0,12,72.2,0.4338837391175465,-0.9009688679024247,72.1
0.0,0,0,0,4,1,1.2,0,5.5,1,0,16,72.1,-0.4338837391175377,-0.9009688679024289,72.6
0.0,0,2,0,2,1,1.5,0,8.5,1,0,16,72.6,-0.9749279121818233,-0.22252093395631575,73.3
0.0,0,1,2,4,3,1.4,1,7.75,1,0,18,73.3,-0.7818314824680529,0.6234898018587046,72.9
0.0,0,0,1,4,1,2.0,0,6.0,0,1,9,72.9,-1.567547902908612e-14,1.0,72.0
0.0,0,1,0,3,1,2.0,0,7.0,-1,0,7,72.0,0.7818314824680334,0.6234898018587292,71.3
0.0,0,1,0,3,1,2.0,0,6.5,-1,0,8,71.3,0.9749279121818303,-0.2225209339562852,72.3
0.0,0,2,1,3,1,2.3,1,7.833333333,1,0,13,72.3,0.43388373911756595,-0.9009688679024154,72.2
0.0,0,1,1,3,1,1.8,0,9.0,1,0,15,72.2,-0.43388373911751826,-0.9009688679024384,72.3
0.0,0,2,0,4,2,1.4,0,8.0,1,0,17,72.3,-0.9749279121818185,-0.2225209339563368,72.5
0.0,0,2,0,2,2,1.1,-1,8.5,1,0,19,72.5,-0.7818314824680308,0.6234898018587323,72.0
0.0,0,0,1,3,2,1.4,0,6.5,1,0,16,72.0,-3.7236690461718594e-14,1.0,71.2
0.0,0,0,0,4,2,1.3,0,7.5,1,0,21,71.2,0.7818314824680198,0.623489801858746,71.5
0.0,0,0,1,3,1,1.2,0,7.0,1,0,19,71.5,0.9749279121818224,-0.22252093395631958,72.0
0.0,0,0,0,3,2,0.9,0,8.0,0,0,17,72.0,0.4338837391175854,-0.900968867902406,71.6
0.0,0,0,2,4,2,1.1,0,7.5,-1,0,9,71.6,-0.43388373911755007,-0.900968867902423,71.6
0.0,0,1,1,3,1,1.4,0,6.75,1,0,16,71.6,-0.9749279121818264,-0.22252093395630237,72.3
0.0,0,0,1,3,2,1.1,0,9.0,1,0,16,72.3,-0.7818314824680443,0.6234898018587154,72.9
0.0,0,1,1,4,2,1.3,0,6.5,-1,0,12,72.9,-1.9544830335430583e-15,1.0,72.1
0.0,0,1,0,3,1,1.3,0,7.0,-1,0,16,72.1,0.7818314824680064,0.6234898018587629,71.4
0.0,0,0,1,4,1,1.1,0,6.5,-1,1,12,71.4,0.9749279121818272,-0.22252093395629857,70.9
0.0,0,1,1,4,1,1.1,1,6.5,-1,0,11,70.9,0.43388373911755357,-0.9009688679024214,70.9
0.0,0,0,1,3,1,1.1,0,7.0,-1,0,9,70.9,-0.43388373911753064,-0.9009688679024324,71.2
0.0,0,1,1,1,1,1.3,0,8.5,0,0,9,71.2,-0.9749279121818215,-0.2225209339563234,72.1
0.0,0,1,2,3,1,1.3,0,7.5,-1,0,9,72.1,-0.7818314824680578,0.6234898018586985,73.5
0.0,0,0,0,3,2,1.5,-1,7.0,1,0,14,73.5,-2.3515694466175534e-14,1.0,72.0
0.0,0,0,0,4,1,1.0,0,7.0,0,0,18,72.0,0.7818314824680284,0.6234898018587353,71.7
0.0,0,0,1,6,1,1.0,0,5.5,1,0,18,71.7,0.9749279121818321,-0.22252093395627756,71.2
0.0,0,0,0,4,1,1.8,0,6.5,1,0,21,71.2,0.433883739117573,-0.9009688679024119,71.5
0.0,0,1,0,3,0,2.0,1,8.0,1,0,21,71.5,-0.4338837391175624,-0.900968867902417,
0.0,0,1,1,2,0,1.4,1,7.083333333,1,0,19,,-0.9749279121818167,-0.22252093395634442,
0.0,0,1,1,3,0,1.0,0,9.0,1,0,21,,-0.7818314824680358,0.623489801858726,72.3
0.0,0,0,1,2,3,1.6,0,8.5,1,0,22,72.3,1.1766512962000004e-14,1.0,72.5
0.0,0,0,0,3,1,1.1,0,7.0,-1,0,22,72.5,0.7818314824680149,0.6234898018587521,72.0
0.0,0,0,0,4,2,1.5,0,7.0,1,0,26,72.0,0.9749279121818242,-0.22252093395631195,71.1
0.0,0,0,1,4,1,1.5,0,7.0,1,0,26,71.1,0.4338837391175924,-0.9009688679024026,71.1
0.0,0,0,0,4,1,1.6,0,7.0,-1,1,13,71.1,-0.43388373911754297,-0.9009688679024265,71.6
0.0,0,1,0,4,0,2.2,-1,8.333333332999999,-1,1,15,71.6,-0.9749279121818246,-0.22252093395631004,
0.0,0,1,2,6,2,1.4,0,8.0,-1,0,12,,-0.7818314824680492,0.6234898018587093,71.6
0.0,0,2,0,4,2,0.9,0,7.0,-1,1,9,71.6,-9.794698470632472e-15,1.0,71.0
0.0,0,1,0,5,2,1.6,0,6.5,-1,1,13,71.0,0.7818314824680015,0.623489801858769,71.9
0.0,0,0,0,3,3,1.3,0,8.5,1,0,19,71.9,0.974927912181829,-0.22252093395629094,72.1
0.0,0,1,0,4,1,1.3,0,8.0,1,1,17,72.1,0.4338837391175606,-0.9009688679024179,72.6
0.0,0,1,1,3,0,2.0,0,6.0,-1,1,13,72.6,-0.43388373911752354,-0.9009688679024358,71.9
0.0,0,1,1,4,3,1.2,0,7.0,-1,1,13,71.9,-0.9749279121818198,-0.22252093395633105,72.7
0.0,0,1,1,3,2,1.2,0,9.0,-1,1,7,72.7,-0.7818314824680271,0.6234898018587368,72.6
0.0,0,0,0,5,1,1.3,0,7.0,-1,0,9,72.6,-3.135590990326495e-14,1.0,72.0
0.0,0,0,0,3,2,1.1,-1,6.5,-1,0,15,72.0,0.7818314824680235,0.6234898018587414,71.7
0.0,0,0,1,4,2,1.1,0,7.0,-1,1,18,71.7,0.9749279121818211,-0.22252093395632533,71.2
0.0,0,1,0,3,2,1.1,0,7.5,0,1,15,71.2,0.43388373911758005,-0.9009688679024086,71.9
0.0,0,0,0,3,1,1.1,0,7.0,0,1,15,71.9,-0.43388373911755534,-0.9009688679024205,71.6
0.0,0,0,0,4,1,1.3,0,8.0,-1,1,13,71.6,-0.974927912181815,-0.22252093395635208,71.0
0.0,0,2,0,2,2,1.2,-1,8.0,-1,1,9,71.0,-0.7818314824680406,0.6234898018587199,71.2
0.0,0,0,1,4,2,1.6,-1,7.5,0,1,12,71.2,3.92629752491059e-15,1.0,70.9
0.0,0,0,0,4,1,1.3,0,5.5,0,1,12,70.9,0.78183148246801,0.6234898018587582,71.1
0.0,0,1,0,4,1,1.7,0,6.5,-1,0,9,71.1,0.974927912181826,-0.22252093395630432,70.5
0.0,0,2,1,5,1,0.9,0,6.0,-1,0,12,70.5,0.4338837391175995,-0.9009688679023992,71.1
0.0,0,0,0,4,1,1.1,0,7.0,0,0,20,71.1,-0.4338837391175359,-0.9009688679024298,
0.0,0,1,0,3,2,1.1,0,8.0,0,0,21,,-0.9749279121818228,-0.22252093395631767,71.9
0.0,0,1,0,2,2,1.3,0,8.5,0,1,20,71.9,-0.7818314824680541,0.6234898018587031,72.5
0.0,0,0,0,4,3,1.1,-1,8.0,-1,1,14,72.5,-1.7634913907721887e-14,1.0,71.9
0.0,0,0,0,3,3,1.1,0,7.0,-1,1,13,71.9,0.7818314824680321,0.6234898018587307,71.7
0.0,0,0,0,3,1,1.5,0,7.5,-1,0,14,71.7,0.9749279121818307,-0.22252093395628328,71.3
0.0,0,0,0,3,0,0.7,0,7.5,0,0,19,71.3,0.4338837391175677,-0.9009688679024145,
0.0,0,1,1,3,1,1.4,0,5.0,1,0,20,,-0.4338837391175677,-0.9009688679024145,
0.0,0,1,1,5,1,1.0,0,9.0,1,0,21,,-0.9749279121818181,-0.2225209339563387,
0.0,0,1,1,4,1,1.0,0,7.083333333,1,0,21,,-0.781831482468032,0.6234898018587307,
0.0,0,0,2,3,1,1.3,-1,9.0,1,0,26,,-3.919612534035436e-14,1.0,73.4
0.0,0,0,0,6,1,1.1,-1,5.0,-1,1,13,73.4,0.7818314824680186,0.6234898018587476,72.2
0.0,0,0,1,4,1,1.8,1,7.0,-1,1,13,72.2,0.9749279121818228,-0.2225209339563177,71.9
0.0,0,0,1,4,1,1.0,1,8.5,0,0,18,71.9,0.43388373911758715,-0.9009688679024052,71.8
0.0,0,2,1,4,1,1.3,0,6.0,-1,0,21,71.8,-0.4338837391175483,-0.9009688679024238,72.8
0.0,0,2,1,4,0,2.0,1,7.0,1,0,26,72.8,-0.9749279121818133,-0.22252093395635972,
0.0,0,0,1,4,1,1.1,1,7.0,1,0,28,,-0.7818314824680455,0.6234898018587138,
0.0,0,0,0,5,1,1.5,0,6.0,1,0,29,,-3.9139179121788235e-15,1.0,74.5
0.0,0,1,0,4,1,1.7,1,7.5,1,0,28,74.5,0.7818314824680052,0.6234898018587643,73.3
0.0,0,0,0,4,1,1.4,1,6.5,1,0,29,73.3,0.9749279121818276,-0.22252093395629666,72.8
0.0,0,0,0,4,2,1.4,0,7.0,-1,0,19,72.8,0.43388373911755534,-0.9009688679024205,73.0
0.0,0,0,0,4,2,1.5,1,7.0,1,0,26,73.0,-0.43388373911752887,-0.9009688679024332,73.3
0.0,0,1,1,4,0,1.1,0,7.0,0,0,22,73.3,-0.9749279121818211,-0.22252093395632533,
0.0,0,0,2,4,0,1.5,1,4.0,1,0,27,,-0.7818314824680235,0.6234898018587414,
0.0,0,0,1,1,1,1.5,0,9.333333332999999,1,0,24,,-2.54751293448113e-14,1.0,72.7
0.0,0,0,0,5,1,1.4,-1,8.5,-1,0,22,72.7,0.7818314824680273,0.6234898018587368,72.9
0.0,0,1,0,5,0,1.5,0,6.5,-1,1,22,72.9,0.9749279121818325,-0.22252093395627565,72.6
0.0,0,0,1,4,1,1.3,0,7.0,1,0,24,72.6,0.4338837391175748,-0.9009688679024112,73.4
0.0,0,1,0,4,0,1.8,0,7.083333333,1,0,30,73.4,-0.4338837391175607,-0.9009688679024179,73.6
0.0,0,1,0,3,1,1.2,0,10.08333333,0,0,27,73.6,-0.9749279121818163,-0.22252093395634634,73.5
0.0,0,1,2,5,1,1.0,0,6.0,-1,0,24,73.5,-0.7818314824680369,0.6234898018587246,73.9
0.0,0,1,1,3,0,1.1,1,7.0,1,0,27,73.9,-4.7036340777443775e-14,1.0,74.1
0.0,0,1,1,6,1,1.6,1,4.0,1,0,28,74.1,0.7818314824680137,0.6234898018587537,73.9
0.0,0,2,1,4,1,1.5,0,7.5,1,0,28,73.9,0.9749279121818246,-0.22252093395631004,73.5
0.0,0,2,1,3,2,1.0,0,9.5,0,1,24,73.5,0.4338837391175942,-0.9009688679024017,74.3
0.0,0,1,0,4,1,1.3,0,7.0,1,1,24,74.3,-0.43388373911754125,-0.9009688679024273,74.6
0.0,0,2,1,4,1,1.0,0,5.5,0,1,27,74.6,-0.9749279121818242,-0.22252093395631195,74.5
0.0,0,1,1,3,1,1.0,1,9.5,0,1,24,74.5,-0.7818314824680505,0.6234898018587077,74.4
0.0,0,1,0,3,2,1.2,0,6.0,1,0,28,74.4,-1.1754133349268238e-14,1.0,74.7
0.0,0,0,1,4,1,1.5,0,7.0,1,0,28,74.7,0.7818314824680358,0.623489801858726,73.9
0.0,0,0,0,3,1,2.3,-1,7.0,1,0,34,73.9,0.9749279121818294,-0.22252093395628902,73.6
0.0,0,0,1,4,1,2.4,1,7.0,1,0,33,73.6,0.4338837391175624,-0.900968867902417,74.3
0.0,0,1,1,4,1,2.1,0,6.5,1,0,28,74.3,-0.4338837391175218,-0.9009688679024366,74.3
0.0,0,1,0,4,3,1.3,1,8.166666667000001,1,0,32,74.3,-0.9749279121818194,-0.22252093395633296,74.7
0.0,0,1,1,2,1,1.2,0,8.0,1,0,34,74.7,-0.7818314824680284,0.6234898018587353,75.5
0.0,0,0,0,5,0,1.7,0,6.5,0,1,32,75.5,-3.331534478190071e-14,1.0,
0.0,0,0,1,3,1,1.4,0,7.0,-1,0,25,,0.7818314824680224,0.6234898018587429,74.6
0.0,0,0,0,4,1,1.6,0,6.5,0,0,25,74.6,0.9749279121818342,-0.222520933956268,74.6
0.0,0,0,1,4,1,1.4,1,6.5,1,0,26,74.6,0.4338837391175818,-0.9009688679024077,74.4
0.0,0,1,3,4,1,1.6,1,5.5,1,0,28,74.4,-0.43388373911755357,-0.9009688679024213,74.3
0.0,0,1,1,3,1,1.0,-1,9.333333332999999,0,0,31,74.3,-0.9749279121818146,-0.22252093395635397,74.6
0.0,0,1,0,2,0,0.4,0,8.0,-1,1,23,74.6,-0.7818314824680419,0.6234898018587184,74.6
45.0,0,0,0,4,1,1.6,-1,6.5,-1,1,18,74.6,1.9668626462748253e-15,1.0,74.0
90.0,0,0,1,4,1,1.3,0,7.5,1,0,21,74.0,0.7818314824680088,0.6234898018587598,74.2
0.0,0,0,0,4,0,1.5,0,7.0,0,1,21,74.2,0.9749279121818264,-0.2225209339563024,
0.0,0,1,2,5,0,1.0,0,7.0,-1,0,22,,0.43388373911755,-0.900968867902423,
0.0,0,2,2,5,3,0.8,0,6.5,-1,1,20,,-0.43388373911753414,-0.9009688679024307,74.1
0.0,0,1,0,3,2,1.2,0,8.5,-1,1,18,74.1,-0.9749279121818224,-0.22252093395631958,74.3
0.0,0,1,0,2,2,1.3,0,8.5,-1,1,21,74.3,-0.7818314824680553,0.6234898018587016,74.8
45.0,0,0,2,4,2,1.0,0,5.5,1,0,23,74.8,-1.9594348786357652e-14,1.0,74.7
45.0,0,0,0,4,2,1.3,0,7.0,1,0,24,74.7,0.7818314824680308,0.6234898018587323,75.0
45.0,0,0,0,4,0,1.7,0,6.5,1,0,26,75.0,0.9749279121818312,-0.2225209339562814,
45.0,0,1,0,3,2,1.6,0,6.5,1,0,27,,0.43388373911756944,-0.9009688679024137,73.8
45.0,0,0,0,3,1,1.3,0,6.5,0,1,28,73.8,-0.4338837391175147,-0.90096886790244,74.6
0.0,0,0,0,3,0,1.6,1,8.5,1,0,31,74.6,-0.9749279121818176,-0.2225209339563406,74.3
0.0,0,1,0,2,1,1.4,0,8.0,0,1,25,74.3,-0.7818314824680334,0.6234898018587292,74.5
45.0,0,0,0,4,1,2.0,0,6.5,1,0,31,74.5,-4.1155560218990125e-14,1.0,74.0
45.0,0,0,1,3,1,2.1,0,7.0,1,0,32,74.0,0.7818314824680174,0.623489801858749,74.6
0.0,0,1,0,4,2,2.6,0,7.0,1,0,34,74.6,0.9749279121818233,-0.22252093395631578,74.4
0.0,0,0,0,2,0,2.0,0,7.5,1,0,35,74.4,0.4338837391175889,-0.9009688679024043,74.2
0.0,0,1,0,3,1,2.1,0,7.5,1,1,34,74.2,-0.4338837391174953,-0.9009688679024493,73.7
0.0,0,2,0,2,1,1.2,0,9.0,0,1,28,73.7,-0.9749279121818255,-0.2225209339563062,74.8
0.0,0,1,0,3,2,1.4,0,8.0,-1,1,22,74.8,-0.7818314824680468,0.6234898018587123,74.0
45.0,0,0,0,4,0,1.3,0,6.5,-1,1,22,74.0,-6.27167716516226e-14,1.0,73.6
45.0,0,0,0,4,0,1.7,0,6.0,0,0,26,73.6,0.7818314824680394,0.6234898018587215,73.6
0.0,0,0,1,3,0,1.5,0,7.5,-1,1,22,73.6,0.9749279121818281,-0.22252093395629474,74.1
0.0,0,0,1,4,1,1.3,0,6.5,0,0,24,74.1,0.4338837391176083,-0.9009688679023949,74.5
45.0,0,1,0,4,1,1.4,0,6.5,0,0,24,74.5,-0.4338837391175783,-0.9009688679024094,74.4
0.0,0,2,0,2,2,1.3,0,8.5,-1,1,22,74.4,-0.9749279121818207,-0.22252093395632722,74.6
0.0,0,1,0,2,2,1.2,0,8.0,0,0,24,74.6,-0.7818314824680602,0.6234898018586954,74.8
45.0,0,0,1,4,2,1.8,0,6.5,0,0,27,74.8,2.9408854637360953e-14,1.0,74.2
45.0,0,1,0,3,2,1.6,-1,6.5,0,0,27,74.2,0.7818314824680259,0.6234898018587384,74.2
0.0,0,1,0,4,1,1.6,-1,6.5,-1,1,22,74.2,0.974927912181833,-0.22252093395627373,74.0
45.0,0,0,1,4,1,1.3,0,6.5,1,0,25,74.0,0.43388373911762773,-0.9009688679023856,72.9
0.0,0,1,2,5,1,1.5,0,6.5,1,0,32,72.9,-0.4338837391175589,-0.9009688679024188,74.4
0.0,0,1,2,4,0,0.8,-1,8.0,-1,1,22,74.4,-0.9749279121818158,-0.22252093395634825,74.6
0.0,0,2,0,3,2,1.0,-1,7.5,1,0,27,74.6,-0.7818314824680737,0.6234898018586786,74.4
45.0,0,0,0,3,2,1.3,0,7.0,-1,1,19,74.4,7.847643204728474e-15,1.0,74.2
35.0,0,1,0,4,1,1.4,0,7.0,-1,1,19,74.2,0.7818314824680125,0.6234898018587552,73.8
45.0,0,0,1,3,3,1.2,0,6.5,0,0,21,73.8,0.9749279121818377,-0.22252093395625272,74.0
45.0,0,1,0,3,3,1.3,0,7.5,-1,1,21,74.0,0.43388373911754474,-0.9009688679024256,74.9
0.0,0,0,1,4,1,1.1,0,7.0,1,0,22,74.9,-0.43388373911753947,-0.9009688679024281,75.2
90.0,0,1,1,3,0,1.4,0,8.0,0,1,26,75.2,-0.9749279121818111,-0.22252093395636927,
0.0,0,0,1,4,1,1.8,0,8.0,1,0,32,,-0.7818314824680161,0.6234898018587506,74.6
40.0,0,0,1,4,1,1.8,-1,7.0,-1,1,21,74.6,-1.3713568227904002e-14,1.0,74.1
45.0,0,0,0,4,1,1.8,0,6.5,-1,1,18,74.1,0.781831482467999,0.623489801858772,73.4
45.0,0,0,1,4,1,1.9,0,6.0,-1,0,20,73.4,0.9749279121818172,-0.22252093395634254,74.2
45.0,0,1,0,4,2,1.7,0,7.5,-1,0,21,74.2,0.43388373911756417,-0.9009688679024163,73.9
35.0,0,1,1,5,1,1.7,0,6.5,-1,0,22,73.9,-0.43388373911752004,-0.9009688679024375,73.9
0.0,0,0,1,3,0,2.2,0,7.0,1,0,27,73.9,-0.9749279121818316,-0.22252093395627945,74.9
0.0,0,1,1,3,1,1.2,0,6.0,1,0,27,74.9,-0.7818314824680296,0.6234898018587338,75.6
0.0,0,1,0,3,1,1.1,0,8.0,1,1,28,75.6,-3.527477966053648e-14,1.0,75.2
45.0,0,0,0,4,1,1.9,0,6.5,1,0,28,75.2,0.7818314824679856,0.6234898018587889,75.0
45.0,0,0,0,3,0,1.9,0,6.5,1,0,29,75.0,0.974927912181822,-0.2225209339563215,75.2
35.0,0,0,1,4,0,2.1,0,6.5,0,0,27,75.2,0.4338837391175836,-0.9009688679024068,75.2
0.0,0,0,0,3,1,1.8,0,6.5,0,0,27,75.2,-0.4338837391175006,-0.9009688679024468,75.7
0.0,0,1,1,3,1,2.1,0,9.0,1,0,29,75.7,-0.9749279121818268,-0.2225209339563005,74.9
0.0,0,0,0,3,1,1.6,0,7.5,1,0,27,74.9,-0.781831482468043,0.6234898018587169,74.6
45.0,0,0,1,4,2,1.8,-1,6.5,-1,1,17,74.6,-5.6835991093168957e-14,1.0,74.3
0.0,0,1,0,6,0,1.4,0,4.5,1,0,22,74.3,0.7818314824680431,0.6234898018587169,75.0
35.0,0,0,1,3,1,1.5,0,7.0,1,0,25,75.0,0.9749279121818267,-0.2225209339563005,75.1
35.0,0,0,0,4,1,1.5,0,6.0,-1,1,16,75.1,0.43388373911760303,-0.9009688679023975,74.9
35.0,0,0,0,4,0,2.5,0,6.5,-1,0,17,74.9,-0.4338837391175836,-0.9009688679024068,74.4
0.0,0,1,1,3,0,2.6,0,8.5,-1,0,16,74.4,-0.974927912181822,-0.2225209339563215,75.3
0.0,0,0,1,3,3,1.2,0,7.0,-1,1,11,75.3,-0.7818314824680564,0.6234898018587001,75.6
40.0,0,0,0,4,2,1.5,0,6.5,-1,1,15,75.6,-7.839720252580143e-14,1.0,75.6
45.0,0,0,0,4,2,1.3,0,6.0,1,0,19,75.6,0.7818314824680297,0.6234898018587337,74.2
0.0,0,0,1,4,1,1.5,0,7.5,1,0,21,74.2,0.9749279121818316,-0.22252093395627948,75.6
0.0,0,1,1,3,0,1.8,0,5.0,1,1,20,75.6,0.43388373911762246,-0.9009688679023882,
0.0,0,0,0,4,0,1.6,0,7.0,-1,0,19,,-0.43388373911756417,-0.9009688679024161,
0.0,0,2,2,4,0,1.4,0,7.5,-1,0,20,,-0.9749279121818172,-0.2225209339563425,
0.0,0,0,1,3,0,0.8,0,7.5,-1,0,16,,-0.78183148246807,0.6234898018586832,
0.0,0,1,1,4,0,1.6,0,8.0,1,1,19,,1.3728423763182123e-14,1.0,
0.0,0,1,3,4,0,1.2,0,9.5,-1,1,17,,0.7818314824680163,0.6234898018587506,
0.0,0,3,1,4,1,1.0,0,8.5,1,0,19,,0.9749279121818364,-0.22252093395625844,
0.0,0,0,2,2,1,1.0,0,8.5,0,1,18,,0.43388373911753947,-0.9009688679024281,
0.0,0,2,2,3,2,1.1,0,8.0,1,1,18,,-0.43388373911754474,-0.9009688679024256,
0.0,0,1,2,3,1,1.0,0,9.0,0,1,20,,-0.9749279121818124,-0.22252093395636355,
0.0,0,3,2,3,1,1.0,0,9.0,-1,1,14,,-0.7818314824680125,0.6234898018587552,
0.0,0,1,1,2,2,1.0,0,9.0,-1,1,14,,-7.832787669450353e-15,1.0,
0.0,0,2,1,4,1,0.8,0,8.0,0,0,20,,0.7818314824680027,0.6234898018587675,
0.0,0,2,1,3,0,0.5,0,8.0,1,0,20,,0.9749279121818158,-0.22252093395634825,
0.0,0,1,0,3,2,1.0,0,4.0,-1,1,17,,0.4338837391175589,-0.9009688679024188,76.6
0.0,0,0,2,4,0,1.2,0,6.5,0,1,20,76.6,-0.4338837391175253,-0.9009688679024349,
0.0,0,1,0,2,1,1.0,0,11.0,0,0,20,,-0.9749279121818076,-0.22252093395638456,78.3
0.0,0,1,1,3,1,1.0,0,5.0,1,0,23,78.3,-0.7818314824680259,0.6234898018587384,77.1
35.0,0,1,0,4,1,1.6,0,7.0,1,0,19,77.1,-2.939399910208283e-14,1.0,76.2
35.0,0,0,1,2,2,1.4,0,8.0,1,0,23,76.2,0.7818314824679893,0.6234898018587843,76.4
40.0,0,0,1,4,2,2.2,0,7.5,-1,1,14,76.4,0.9749279121818207,-0.22252093395632724,76.6
0.0,0,1,0,2,3,1.0,1,8.0,0,0,14,76.6,0.43388373911757827,-0.9009688679024094,76.4
40.0,0,0,0,3,1,1.9,0,7.0,-1,1,12,76.4,-0.4338837391175059,-0.9009688679024442,76.3
0.0,0,1,0,2,3,1.2,0,9.5,-1,1,12,76.3,-0.9749279121818281,-0.22252093395629474,76.7
0.0,0,0,0,2,4,1.0,0,8.0,-1,1,11,76.7,-0.7818314824680395,0.6234898018587215,76.5
45.0,0,0,0,3,2,1.3,0,7.5,-1,1,10,76.5,-5.0955210534715306e-14,1.0,76.1
45.0,0,0,0,3,2,1.4,0,7.0,-1,0,16,76.1,0.7818314824680468,0.6234898018587123,76.6
40.0,0,0,0,4,1,1.4,0,6.5,-1,1,12,76.6,0.9749279121818255,-0.22252093395630623,76.2
0.0,0,0,1,3,1,1.1,0,7.0,-1,1,13,76.2,0.4338837391175977,-0.9009688679024,76.2
45.0,0,0,2,3,2,2.0,0,7.0,1,0,18,76.2,-0.43388373911748646,-0.9009688679024537,76.5
120.0,0,0,1,3,1,1.5,1,8.0,1,0,24,76.5,-0.9749279121818233,-0.22252093395631575,76.5
45.0,0,0,0,2,2,1.5,0,8.0,1,0,24,76.5,-0.7818314824680529,0.6234898018587046,76.9
45.0,0,0,1,3,0,1.7,1,7.0,1,0,23,76.9,-7.251642196734778e-14,1.0,76.7
0.0,0,0,1,3,1,1.5,0,7.0,1,0,23,76.7,0.7818314824680334,0.6234898018587292,77.0
45.0,0,0,0,3,2,1.1,0,6.0,1,0,18,77.0,0.9749279121818303,-0.2225209339562852,76.2
45.0,0,0,0,3,2,1.5,0,7.0,1,0,20,76.2,0.43388373911761713,-0.9009688679023907,76.0
45.0,0,0,0,4,0,1.4,0,7.0,0,0,19,76.0,-0.4338837391175695,-0.9009688679024137,76.0
0.0,0,1,0,2,3,0.7,0,7.5,0,1,16,76.0,-0.9749279121818185,-0.2225209339563368,76.4
120.0,0,0,0,2,3,1.1,0,8.0,0,0,22,76.4,-0.7818314824680663,0.6234898018586877,76.7
40.0,0,0,1,3,2,1.7,0,7.5,-1,0,18,76.7,1.9609204321635772e-14,1.0,76.2
0.0,0,0,1,3,2,1.2,0,7.0,-1,0,18,76.2,0.7818314824680198,0.623489801858746,76.7
40.0,0,0,0,3,2,1.3,0,7.0,0,0,20,76.7,0.974927912181835,-0.22252093395626418,76.1
45.0,0,0,1,4,0,1.2,0,7.0,-1,0,19,76.1,0.43388373911753414,-0.9009688679024307,75.7
45.0,0,0,0,3,1,1.6,0,6.5,-1,0,18,75.7,-0.43388373911755007,-0.900968867902423,76.0
0.0,0,2,0,3,3,1.0,0,8.0,1,0,20,76.0,-0.9749279121818137,-0.2225209339563578,76.3
0.0,0,2,0,2,3,1.0,0,9.5,1,0,20,76.3,-0.7818314824680088,0.6234898018587598,76.2
0.0,0,0,0,3,2,1.1,0,8.0,-1,1,9,76.2,-1.952007110996705e-15,1.0,75.3
0.0,0,2,1,4,2,1.7,0,6.5,-1,1,9,75.3,0.7818314824680064,0.6234898018587629,75.3
0.0,0,0,0,4,2,1.3,0,7.0,-1,0,6,75.3,0.9749279121818398,-0.22252093395624317,75.6
0.0,0,2,0,3,2,1.6,0,7.0,-1,0,6,75.6,0.43388373911755357,-0.9009688679024214,75.8
0.0,0,2,2,2,3,1.0,0,8.5,-1,1,13,75.8,-0.43388373911753064,-0.9009688679024324,76.1
0.0,0,1,1,3,4,1.0,0,8.0,0,1,18,76.1,-0.9749279121818089,-0.2225209339563788,75.1
0.0,0,0,0,2,3,1.2,-1,8.0,-1,1,12,75.1,-0.7818314824680223,0.6234898018587429,75.1
45.0,0,0,0,4,2,1.1,0,6.0,0,1,14,75.1,-2.351321854362918e-14,1.0,74.8
0.0,0,0,1,5,3,1.5,0,4.5,-1,0,8,74.8,0.7818314824679929,0.6234898018587798,75.2
0.0,0,0,0,4,3,1.3,0,4.0,-1,0,10,75.2,0.9749279121818194,-0.222520933956333,74.2
0.0,0,0,0,4,2,1.3,0,7.0,1,0,10,74.2,0.433883739117573,-0.9009688679024119,74.7
0.0,0,0,2,4,0,1.7,-1,6.5,-1,1,9,74.7,-0.4338837391175112,-0.9009688679024417,75.3
50.0,0,0,0,3,1,1.1,-1,7.5,-1,0,7,75.3,-0.9749279121818294,-0.222520933956289,75.7
50.0,0,1,0,3,2,1.1,0,8.5,-1,0,3,75.7,-0.7818314824680357,0.623489801858726,75.3
45.0,0,0,1,3,1,1.3,0,5.5,-1,0,3,75.3,-4.5074429976261656e-14,1.0,75.5
35.0,0,0,1,4,1,1.5,0,6.5,-1,1,6,75.5,0.7818314824679795,0.6234898018587965,75.4
45.0,0,1,0,3,2,1.5,-1,6.5,-1,1,5,75.4,0.9749279121818242,-0.22252093395631195,75.4
0.0,0,0,1,4,0,0.9,0,8.0,1,0,6,75.4,0.4338837391175924,-0.9009688679024026,76.1
0.0,0,0,1,4,1,2.1,0,6.5,-1,1,9,76.1,-0.4338837391174918,-0.9009688679024511,75.3
50.0,0,0,0,3,2,1.7,0,7.5,-1,0,6,75.3,-0.9749279121818246,-0.22252093395631004,75.6
0.0,0,1,0,2,3,1.2,0,8.0,-1,0,6,75.6,-0.7818314824680492,0.6234898018587093,75.6
41.0,0,0,0,3,2,1.6,0,6.5,1,0,9,75.6,-6.663564140889414e-14,1.0,75.1
41.0,0,1,1,3,2,1.7,0,7.0,1,0,7,75.1,0.7818314824680369,0.6234898018587246,75.3
45.0,0,0,1,4,1,1.1,0,6.5,-1,0,5,75.3,0.974927912181829,-0.22252093395629094,76.0
45.0,0,1,1,4,2,1.9,0,6.5,-1,0,6,76.0,0.43388373911761186,-0.9009688679023933,75.4
45.0,0,0,0,4,0,2.3,-1,6.0,-1,0,5,75.4,-0.4338837391175748,-0.9009688679024112,75.4
0.0,0,1,0,3,2,1.0,0,6.5,-1,0,13,75.4,-0.9749279121818198,-0.22252093395633105,76.0
0.0,0,0,0,2,2,1.0,-1,8.5,-1,0,12,76.0,-0.7818314824680627,0.6234898018586924,75.7
42.0,0,0,0,2,4,1.3,0,8.0,-1,0,7,75.7,2.548998488008942e-14,1.0,75.7
30.0,0,0,0,4,1,1.2,0,6.5,-1,0,10,75.7,0.7818314824680235,0.6234898018587414,74.4
0.0,0,0,0,5,2,1.3,0,7.0,-1,0,10,74.4,0.9749279121818337,-0.2225209339562699,74.5
30.0,0,1,1,5,1,1.6,0,6.5,-1,0,11,74.5,0.43388373911752887,-0.9009688679024332,75.5
42.0,0,0,1,4,1,1.7,-1,6.0,-1,1,7,75.5,-0.43388373911755534,-0.9009688679024205,76.0
0.0,0,3,2,6,0,0.8,1,7.0,1,0,10,76.0,-0.974927912181815,-0.22252093395635206,
0.0,0,2,2,5,2,0.4,1,8.0,0,0,5,,-0.7818314824680761,0.6234898018586755,76.0
0.0,0,1,0,4,2,1.4,0,7.0,-1,0,1,76.0,3.928773447456944e-15,1.0,76.4
42.0,0,0,0,4,3,1.1,0,7.0,1,0,5,76.4,0.78183148246801,0.6234898018587582,76.3
42.0,0,1,1,4,1,1.4,0,7.0,1,0,5,76.3,0.9749279121818386,-0.2225209339562489,75.9
0.0,0,2,1,4,1,1.6,0,7.0,1,0,3,75.9,0.4338837391175483,-0.9009688679024239,75.9
0.0,0,2,2,3,1,1.4,0,7.0,0,0,10,75.9,-0.4338837391175359,-0.9009688679024298,76.4
0.0,0,3,0,5,1,0.6,0,9.5,-1,0,13,76.4,-0.9749279121818102,-0.2225209339563731,76.9
0.0,0,1,1,2,3,1.1,0,8.5,0,0,11,76.9,-0.7818314824680186,0.6234898018587476,76.7
45.0,0,1,0,4,2,1.4,0,7.0,0,0,9,76.7,-1.7632437985175533e-14,1.0,75.9
45.0,0,2,0,5,2,1.5,0,6.5,1,0,4,75.9,0.7818314824679966,0.6234898018587751,76.3
45.0,0,0,0,4,2,1.2,0,6.5,1,0,4,76.3,0.9749279121818181,-0.2225209339563387,76.1
42.0,0,0,1,5,1,1.4,0,6.5,-1,1,3,76.1,0.4338837391175677,-0.9009688679024145,76.8
0.0,0,0,0,4,0,1.3,0,7.0,0,0,6,76.8,-0.4338837391175165,-0.9009688679024391,76.0
0.0,0,1,1,4,3,1.2,0,7.0,-1,1,9,76.0,-0.9749279121818054,-0.2225209339563941,
0.0,0,2,2,5,3,0.7,0,9.5,-1,0,8,,-0.781831482468032,0.6234898018587307,
0.0,0,1,2,4,1,1.2,0,9.0,-1,0,8,,-3.9193649417808005e-14,1.0,
0.0,0,1,1,5,2,1.0,0,9.5,-1,0,12,,0.7818314824679832,0.623489801858792,76.9
0.0,0,1,1,5,1,1.4,0,5.0,1,0,14,76.9,0.9749279121818228,-0.2225209339563177,76.8
0.0,0,1,1,4,1,1.2,0,6.5,1,0,9,76.8,0.43388373911758715,-0.9009688679024052,76.8
33.0,0,1,1,4,1,1.5,0,6.5,-1,0,16,76.8,-0.43388373911749706,-0.9009688679024486,76.6
42.0,0,2,0,3,3,1.3,0,8.5,-1,1,7,76.6,-0.974927912181826,-0.2225209339563043,76.6
0.0,0,2,0,3,1,1.4,0,8.0,-1,0,7,76.6,-0.7818314824680455,0.6234898018587138,
0.0,0,1,1,3,1,0.9,0,9.0,-1,0,8,,-6.075486085044049e-14,1.0,
0.0,0,1,0,3,1,1.2,0,8.0,0,0,6,,0.7818314824680407,0.6234898018587199,
0.0,0,0,0,3,2,1.0,0,8.5,-1,1,7,,0.9749279121818276,-0.22252093395629666,77.2
0.0,0,1,0,2,3,1.2,0,8.5,1,0,6,77.2,0.4338837391176065,-0.9009688679023958,
0.0,0,0,0,4,2,1.2,0,8.0,-1,1,4,,-0.43388373911758005,-0.9009688679024086,76.0
0.0,0,1,0,1,2,0.8,0,9.0,1,0,3,76.0,-0.9749279121818211,-0.22252093395632533,76.5
120.0,0,1,0,1,3,1.6,0,9.0,1,0,3,76.5,-0.781831482468059,0.623489801858697,76.9
0.0,0,1,0,3,3,1.2,-1,8.0,0,0,6,76.9,3.1370765438543066e-14,1.0,76.3
